62,Winifred,1,90,5,57,38.250000,2.000000,9749360672,90123-123 camp,Karnool,534322
75,Uriah,1,54,55,54,41.000000,2.000000,9656409684,280/3 Srirampuram,Bhimavaram,527862
120,Howard,1,6,62,63,33.000000,2.000000,9129236142,1/23 Srirampuram,Bhimavaram,533951
52,Vernon,3,46,7,38,23.500000,2.000000,9244567614,Beach road mvp colony,Vizag,516240
102,Ryan,3,57,86,62,52.000000,2.000000,9840360698,Aparatments kallur,Karnool,507715
123,Philip,3,26,33,42,26.000000,2.000000,9617707572,11/1/12 Maruthi Nagar,Bhimavaram,577440
193,Hector,3,46,94,91,58.500000,2.000000,9889011298,4-5 K.B Layout,Tirupati,580696
86,Germane,4,40,27,94,41.250000,2.000000,9337608022,1-2 Tirumala,Tirupati,506667
2,Clio,5,28,97,96,56.500000,2.000000,9305099214,1-2-4 STREET Whitefield,Banglore,545820
69,Axel,5,66,11,90,43.000000,2.000000,9696144370,4th street mvp colony,Vizag,534140
158,Melvin,5,81,1,33,30.000000,2.000000,9321083513,12312 ramakrishna beach,Vizag,583624
39,Griffin,8,96,90,87,70.250000,3.000000,9971838473,23-1-1 Kondapur,Hyderabad,533408
118,Drake,8,47,4,22,20.250000,2.000000,9692334056,6-9 gandhinagar,Rajahmundry,521772
169,Phyllis,8,93,5,69,43.750000,2.000000,9402753835,6/4 Bellandur,Banglore,510144
10,Ifeoma,9,95,23,29,39.000000,2.000000,9540856630,2-1-2 Narasimhapuram,Bhimavaram,523074
119,Mohammad,9,64,12,11,24.000000,2.000000,9315431343,16/6 Raayalam,Bhimavaram,553277
35,Quin,10,72,95,58,58.750000,2.000000,9776491000,fourth Street jevakona,Tirupati,597723
185,Jerome,10,6,16,36,17.000000,2.000000,9111111157,1/2/3 Adarsh Nagar,Bhimavaram,599054
65,Sylvia,11,43,23,97,43.500000,2.000000,9636913749,5th layout kallur,Karnool,520842
87,Mohammad,11,21,82,51,41.250000,2.000000,9289025410,16/2 Gayatri Nagar,Hyderabad,555378
129,Yuri,11,20,72,56,39.750000,2.000000,9040043959,34-15 Kondapur,Hyderabad,536152
144,Jack,11,33,10,34,22.000000,2.000000,9523222918,2/11 Sainikpuri,Hyderabad,568087
89,Garrison,12,31,88,67,49.500000,2.000000,9591454745,123-123-1 ramakrishna beach,Vizag,594253
115,Glenna,12,70,28,86,49.000000,2.000000,9791651769,1/23 Sainikpuri,Hyderabad,516909
124,Fulton,12,63,38,31,36.000000,2.000000,9978428889,41-775 Siddiq Nagar,Hyderabad,504960
197,Xenos,12,20,67,6,26.250000,2.000000,9277142761,2-4-5 Jayanagar,Banglore,537382
198,Kermit,12,94,63,86,63.750000,2.500000,9743443402,2nd street 4th house morampudi,Rajahmundry,534501
192,Carter,13,3,71,62,37.250000,2.000000,9368333325,5th street 4th house morampudi,Rajahmundry,598166
50,Caesar,14,6,97,20,34.250000,2.000000,9076413656,1-1-3 A colony,Kakinada,558893
67,Keely,14,57,94,67,58.000000,2.000000,9751277386,6th street 4th house morampudi,Rajahmundry,541023
136,Susan,14,12,44,46,29.000000,2.000000,9371718498,2-3-4 AVB Nagar,Kakinada,590943
137,Hop,14,22,87,43,41.500000,2.000000,9119749530,1-1-2 kallur,Karnool,505883
149,Minerva,14,100,42,83,59.750000,2.000000,9221347179,21 Kaduhasanahalli,Banglore,573166
188,Emma,14,100,24,29,41.750000,2.000000,9462032912,A108 Street akkayapalem,Vizag,555138
195,Melanie,14,98,9,28,37.250000,2.000000,9068165126,4-5 K.B Layout,Tirupati,540629
27,Hayden,15,75,27,59,44.000000,2.000000,9390883765,2-4-5 Jayanagar,Banglore,534679
80,Anthony,15,29,51,28,30.750000,2.000000,9681093873,3 Hebbal,Banglore,561693
83,Hector,16,84,97,45,60.500000,2.500000,9567881318,8th street 4th house morampudi,Rajahmundry,548959
90,Carissa,16,44,13,92,41.250000,2.000000,9531046586,2-3-4 AVB Nagar,Kakinada,597233
103,Jenna,16,38,87,83,56.000000,2.000000,9017628789,11/2 Gandhinagar,Bhimavaram,552319
5,Zane,17,45,6,35,25.750000,2.000000,9592556333,G107 akkayapalem,Vizag,572831
11,Joseph,17,30,100,95,60.500000,2.500000,9803187737,1-1-3 A colony,Kakinada,585374
56,Reagan,17,83,62,50,53.000000,2.000000,9476602719,34 Airport,Banglore,566689
150,Morgan,17,52,27,65,40.250000,2.000000,9776085203,22/2 Narasimhapuram,Bhimavaram,551034
19,Kieran,18,21,41,16,24.000000,2.000000,9453195316,4-5 K.B Layout,Tirupati,518983
57,Lucius,18,98,91,53,65.000000,2.760000,9267902736,4-10-20 mvp colony,Vizag,505495
190,Cecilia,18,59,99,55,57.750000,2.000000,9754919684,64 Kadubeesanahalli,Banglore,568256
91,Urielle,19,90,42,54,51.250000,2.000000,9369625418,1-4 gandhinagar,Rajahmundry,504238
104,Noel,19,6,18,68,27.750000,2.000000,9100675961,4-5 Tirumala,Tirupati,513558
114,Chava,19,8,95,8,32.500000,2.000000,9492129127,11/12 Siddiq Nagar,Hyderabad,513959
30,Yoko,20,88,1,43,38.000000,2.000000,9556255935,4-5 K.B Layout,Tirupati,524661
96,Marny,21,97,18,10,36.500000,2.000000,9317975752,6/23 Rudraram,Hyderabad,555406
153,Perry,21,57,19,43,35.000000,2.000000,9855809690,12-1-09 Moula Ali,Hyderabad,520042
33,Vielka,22,89,16,92,54.750000,2.000000,9755007434,2nd street mvp colony,Vizag,517454
40,Petra,23,34,67,54,44.500000,2.000000,9032233931,1/2 Pedamiram colony,Bhimavaram,534016
143,Elaine,23,62,42,40,41.750000,2.000000,9160940671,1-2-3-4 c camp,Karnool,574738
155,Jonah,23,41,48,46,39.500000,2.000000,9734315343,13/11 Narasimhapuram,Bhimavaram,551061
84,Wayne,24,2,62,89,44.250000,2.000000,9507977218,2nd layout kallur,Karnool,515840
196,Walker,24,82,49,100,63.750000,2.500000,9000399747,1-2-5 Tirumala,Tirupati,583344
108,Cooper,25,18,60,22,31.250000,2.000000,9119676610,23-1-1 Kondapur,Hyderabad,520944
125,Gil,26,77,6,42,37.750000,2.000000,9427072114,fifth Street jevakona,Tirupati,599434
189,Leroy,26,25,97,86,58.500000,2.000000,9177013018,0-90-11 rushikonda,Vizag,595208
21,Joseph,27,11,45,77,40.000000,2.000000,9539438955,41-775 Siddiq Nagar,Hyderabad,515691
44,Bruce,27,44,39,48,39.500000,2.000000,9827589343,1000 Yeshwantpur,Banglore,592155
106,Echo,27,25,85,51,47.000000,2.000000,9952580979,90-90 kallur,Karnool,507105
122,Clio,27,75,93,18,53.250000,2.000000,9214777452,2nd street akkayapalem,Vizag,564799
38,Timothy,28,59,22,48,39.250000,2.000000,9893843079,2-3-4 AVB Nagar,Kakinada,598712
73,Elijah,28,91,57,27,50.750000,2.000000,9366634718,303-1 Chandanagar,Hyderabad,530224
85,Jasper,29,6,9,79,30.750000,2.000000,9000089486,123-123 b camp,Karnool,556037
140,Devin,29,1,87,52,42.250000,2.000000,9650796280,1/12 Chandanagar,Hyderabad,599513
88,Cruz,30,18,23,28,24.750000,2.000000,9588185021,1-1-3 A colony,Kakinada,588451
18,Genevieve,31,3,27,52,28.250000,2.000000,9521226801,2-3-90 Kondapur,Hyderabad,567477
74,Lysandra,31,70,100,10,52.750000,2.000000,9179037758,11/3 Pedamiram colony,Bhimavaram,534785
64,Maris,32,100,59,13,51.000000,2.000000,9405592794,2-3-4 mvp colony,Vizag,504099
98,Kylie,32,36,86,5,39.750000,2.000000,9417776702,3rd street 4th house morampudi,Rajahmundry,539481
133,Kadeem,32,36,32,82,45.500000,2.000000,9761644113,4th street 4th house morampudi,Rajahmundry,540976
25,TaShya,33,75,27,94,57.250000,2.000000,9127264781,5th street 4th house morampudi,Rajahmundry,540990
58,Jacob,33,1,26,18,19.500000,2.000000,9300288846,1-2-3 aditya nagar,Rajahmundry,555811
71,Madeson,33,8,47,19,26.750000,2.000000,9415884826,12-3-207 Gandhinagar,Bhimavaram,587045
68,Jared,34,50,96,28,52.000000,2.000000,9791171973,4th layout kallur,Karnool,518930
15,Keane,35,78,59,32,51.000000,2.000000,9009190938,First street c camp,Karnool,562618
77,Kalia,35,67,7,51,40.000000,2.000000,9917730912,2-4 Tirumala,Tirupati,507113
78,Kameko,36,83,5,19,35.750000,2.000000,9488271642,sand castle rushikonda,Vizag,595623
100,Callum,36,44,30,99,52.250000,2.000000,9521470639,2-3-4 kallur,Karnool,500358
163,Wylie,37,15,21,23,24.000000,2.000000,9355626963,90123-123 camp,Karnool,542226
111,Basia,38,42,78,17,43.750000,2.000000,9276822239,6/23 Rudraram,Hyderabad,522529
46,Hyatt,39,10,53,38,35.000000,2.000000,9775856661,64 Kadubeesanahalli,Banglore,586901
162,Ignatius,39,59,69,57,56.000000,2.000000,9766791349,3-9-270 Appartments street,Bhimavaram,588072
7,Brynne,40,78,2,35,38.750000,2.000000,9661437991,1/12 Chandanagar,Hyderabad,545433
55,Troy,40,36,57,48,45.250000,2.000000,9371831945,Second street c camp,Karnool,567737
194,Hashim,40,94,29,95,64.500000,2.500000,9175174716,2-3-4 AVB Nagar,Kakinada,589095
63,Timothy,41,10,28,50,32.250000,2.000000,9914503688,1/12 Chandanagar,Hyderabad,557327
49,Reuben,43,18,76,38,43.750000,2.000000,9979604191,4th STREET whitefield,Banglore,548121
134,Oscar,43,57,7,1,27.000000,2.000000,9179363301,13/3 Pedamiram colony,Bhimavaram,559968
109,Jin,44,26,50,1,30.250000,2.000000,9809108378,6th street 4th house morampudi,Rajahmundry,598635
183,Dorian,44,20,3,26,23.250000,2.000000,9457434522,1/3 Marathahalli,Banglore,539693
184,Dennis,44,2,59,29,33.500000,2.000000,9457944274,1-2-3 aditya nagar,Rajahmundry,564266
47,Lacota,45,80,98,87,77.500000,3.330000,9343332516,41-775 Siddiq Nagar,Hyderabad,573111
147,Briar,45,91,70,94,75.000000,3.330000,9694292869,3-9-324 Pedamiram colony,Bhimavaram,518437
152,Ashton,45,97,69,23,58.500000,2.000000,9038920730,14-7 Siddiq Nagar,Hyderabad,529585
66,Ava,46,99,28,13,46.500000,2.000000,9280836739,1210123 c camp,Karnool,597987
79,Daphne,46,35,35,88,51.000000,2.000000,9355823985,2nd layout maddilapalem,Vizag,536358
126,Xantha,47,54,10,38,37.250000,2.000000,9989355743,2-1-111 Sivaraopeta,Bhimavaram,540346
170,Avram,49,18,71,17,38.750000,2.000000,9165745058,1-2-3 aditya nagar,Rajahmundry,579131
76,Jared,50,67,4,88,52.250000,2.000000,9551952789,2nd street 4th house morampudi,Rajahmundry,581165
3,Shellie,51,25,89,94,64.750000,2.500000,9615864416,45 Airport,Banglore,568004
161,Emi,51,80,95,19,61.250000,2.500000,9077636948,11/2 Sivaraopeta,Bhimavaram,588417
23,Blossom,52,84,51,32,54.750000,2.000000,9074117091,23-1-1 Kondapur,Hyderabad,507397
186,Cain,54,88,86,12,60.000000,2.500000,9156052864,90123-123 camp,Karnool,538903
4,Liberty,55,52,87,50,61.000000,2.500000,9789787356,2-3-4 AVB Nagar,Kakinada,596869
171,Denton,55,64,44,78,60.250000,2.500000,9000055606,10-12 gandhinagar,Rajahmundry,533399
160,Jade,58,36,44,97,58.750000,2.000000,9819203541,1-1006 Maruthi Nagar,Bhimavaram,544481
173,Teegan,58,92,11,20,45.250000,2.000000,9578356758,7th layout kallur,Karnool,524600
177,Nomlanga,58,88,80,25,62.750000,2.500000,9689503417,4-5 K.B Layout,Tirupati,578535
179,Julian,58,83,44,69,63.500000,2.500000,9203569175,4-5 K.B Layout,Tirupati,549829
117,Ezekiel,59,54,18,20,37.750000,2.000000,9120143169,90123-123 camp,Karnool,535125
48,Stephanie,61,69,70,82,70.500000,3.000000,9360551151,17/4 Pedamiram colony,Bhimavaram,559302
95,Thaddeus,62,44,21,34,40.250000,2.000000,9021927286,1/3 Marathahalli,Banglore,516535
130,Curran,62,18,7,17,26.000000,2.000000,9142991447,3rd layout kallur,Karnool,517662
178,John,62,44,66,77,62.250000,2.500000,9214854100,1/17 Gunupudi,Bhimavaram,540282
180,Elijah,62,24,16,77,44.750000,2.000000,9171573982,303 Srirampuram,Bhimavaram,531854
200,Craig,63,72,33,39,51.750000,2.000000,9372593544,1 Hebbal,Banglore,549200
174,Stewart,64,90,48,4,51.500000,2.000000,9361268142,1/12 Chandanagar,Hyderabad,526510
9,Troy,65,87,45,38,58.750000,2.000000,9571196751,6/23 Rudraram,Hyderabad,598338
13,Hedley,65,55,56,41,54.250000,2.000000,9873273012,5/16 Narasimhapuram,Bhimavaram,512868
24,Samantha,65,61,76,29,57.750000,2.000000,9790540103,41-775 Siddiq Nagar,Hyderabad,529233
101,Colt,65,38,59,99,65.250000,2.760000,9903498628,40 Marathahalli,Banglore,581345
105,Colt,65,84,18,58,56.250000,2.000000,9118636946,3/4/16 Raayalam,Bhimavaram,534046
107,Nichole,65,35,73,51,56.000000,2.000000,9145541944,10-12 gandhinagar,Rajahmundry,528941
146,Whilemina,65,56,74,27,55.500000,2.000000,9571473892,6th layout kallur,Karnool,523968
166,Orli,65,7,30,31,33.250000,2.000000,9957681682,23-1-1 Kondapur,Hyderabad,594362
99,Iola,66,35,93,69,65.750000,2.760000,9082750239,1/3 Marathahalli,Banglore,518119
116,Julie,66,84,13,75,59.500000,2.000000,9431965764,1-2 mvp colony,Vizag,503323
45,Paula,67,2,60,48,44.250000,2.000000,9839759760,42-775/1 Chandanagar,Hyderabad,514411
132,Fatima,67,43,20,10,35.000000,2.000000,9633601517,1-1-3 A colony,Kakinada,585432
165,Marshall,67,40,96,26,57.250000,2.000000,9613523154,1st layout maddilapalem,Vizag,538551
6,Tiger,68,4,75,98,61.250000,2.500000,9369411914,6/23 Rudraram,Hyderabad,541891
176,Selma,68,58,62,42,57.500000,2.000000,9680649843,64 Kadubeesanahalli,Banglore,588458
187,George,68,93,40,21,55.500000,2.000000,9979204270,19-1-0 Appartments street,Bhimavaram,571471
16,Adam,70,56,3,43,43.000000,2.000000,9869833185,Traffic post mvp colony,Vizag,514406
182,Lysandra,70,66,35,6,44.250000,2.000000,9483947630,64 Kadubeesanahalli,Banglore,587769
113,Ignatius,71,58,100,42,67.750000,2.760000,9708047364,32/64 Chandanagar,Hyderabad,570465
121,Jason,71,94,32,52,62.250000,2.500000,9209139286,10/1 Sivaraopeta,Bhimavaram,538004
175,Hedwig,71,54,23,18,41.500000,2.000000,9815302216,6/23 Rudraram,Hyderabad,511465
22,Molly,72,65,92,24,63.250000,2.500000,9810545193,3rd street mvp colony,Vizag,532081
41,Nehru,72,47,19,92,57.500000,2.000000,9871405048,first street akkayapalem,Vizag,560665
59,Leslie,73,34,25,90,55.500000,2.000000,9997535514,5th street mvp colony,Vizag,535206
154,Iliana,73,97,39,86,73.750000,3.000000,9428969122,10123 ramakrishna beach,Vizag,576417
168,Maia,73,61,63,44,60.250000,2.500000,9490455794,3rd street 4th house morampudi,Rajahmundry,583718
8,Burton,74,97,69,25,66.250000,2.760000,9843627199,3/4 Gunupudi,Bhimavaram,505884
26,Maia,74,24,18,64,45.000000,2.000000,9362947315,rock castle rushikonda,Vizag,599461
60,Shay,74,35,18,9,34.000000,2.000000,9791713875,1/12 Chandanagar,Hyderabad,513986
70,Jelani,74,4,15,79,43.000000,2.000000,9170620761,30/2 Gandhinagar,Bhimavaram,553256
159,Cheyenne,76,52,30,38,49.000000,2.000000,9491699900,1/2 Adarsh Nagar,Bhimavaram,500113
128,Vera,78,85,52,66,70.250000,3.000000,9445659570,12/3 Adarsh Nagar,Bhimavaram,576921
191,Zelda,78,92,19,82,67.750000,2.760000,9361349827,1-1-3 A colony,Kakinada,559064
43,Rose,79,95,78,77,82.250000,3.500000,9563028584,2-4-5 Jayanagar,Banglore,530847
138,Shellie,79,34,85,40,59.500000,2.000000,9840390322,2 Hebbal,Banglore,559452
157,Dante,79,50,2,58,47.250000,2.000000,9287195722,4-5 K.B Layout,Tirupati,578292
112,Hedwig,81,25,7,92,51.250000,2.000000,9241365384,4th street 4th house morampudi,Rajahmundry,597159
145,Malachi,81,62,90,65,74.500000,3.000000,9587935756,3rd layot ramakrishna beach,Vizag,575945
156,Burke,81,47,40,11,44.750000,2.000000,9846281877,123-123 ramakrishna beach,Vizag,588824
1,Gloria,82,42,83,13,55.000000,2.000000,9701573683,1/14 Maruthi Nagar,Bhimavaram,552754
82,Doris,82,77,49,31,59.750000,2.000000,9882055789,1-2-3 aditya nagar,Rajahmundry,556749
110,Davis,82,6,11,27,31.500000,2.000000,9566557450,10th layout maddilapalem,Vizag,540006
148,MacKenzie,82,87,55,16,60.000000,2.500000,9613398877,3/1 Srirampuram,Bhimavaram,520839
14,Stewart,84,27,95,61,66.750000,2.760000,9493878355,11/2 Gandhinagar,Bhimavaram,538206
81,George,85,45,34,67,57.750000,2.000000,9740562016,Second Street jevakona,Tirupati,587409
92,India,85,71,28,37,55.250000,2.000000,9141397722,17/2 Raayalam,Bhimavaram,597017
141,Ciara,85,39,31,33,47.000000,2.000000,9080944499,1-4-5 Jayanagar,Banglore,533785
17,Caleb,86,67,9,27,47.250000,2.000000,9046075094,41-775 Siddiq Nagar,Hyderabad,546138
28,Leo,86,42,6,38,43.000000,2.000000,9612003611,0-3040 kallur,Karnool,504165
54,Faith,86,95,57,82,80.000000,3.500000,9862979518,2/4 Jayanagar,Banglore,528538
93,Otto,86,3,20,100,52.250000,2.000000,9069483892,3/14 Adarsh Nagar,Bhimavaram,526861
199,Honorato,86,59,91,79,78.750000,3.330000,9840127827,102-1 c camp,Karnool,591266
34,Ryder,88,86,23,68,66.250000,2.760000,9210892985,23-1-1 Kondapur,Hyderabad,552023
142,Valentine,88,81,77,19,66.250000,2.760000,9621005531,1-2 Sivaraopeta,Bhimavaram,596956
20,Charde,89,100,69,18,69.000000,2.760000,9383578582,21/2 Raayalam,Bhimavaram,516920
51,Kirk,89,13,8,84,48.500000,2.000000,9074361454,Traffic signal mvp colony,Vizag,514395
139,Destiny,90,30,44,25,47.250000,2.000000,9195476226,09-90 c camp,Karnool,599246
53,Elvis,91,78,85,3,64.250000,2.500000,9063332569,13/2 Gayatri Nagar,Hyderabad,545766
61,Alisa,91,25,16,45,44.250000,2.000000,9895255033,0102 kallur,Karnool,505963
72,Solomon,92,85,68,62,76.750000,3.330000,9442156833,4-5-6 kallur,Karnool,501593
12,Jesse,93,96,10,66,66.250000,2.760000,9926794768,Thrd 343 c camp,Karnool,570302
164,Palmer,93,53,79,73,74.500000,3.000000,9227359998,4-5 gandhinagar,Rajahmundry,506478
42,Troy,95,66,18,75,63.500000,2.500000,9012903620,12-123 a camp,Karnool,549090
31,Ava,97,47,53,50,61.750000,2.500000,9309769766,1-5-20 maddilapalem,Vizag,547548
36,Wyoming,97,95,6,68,66.500000,2.760000,9871099218,1/3 Marathahalli,Banglore,541788
37,Igor,97,95,86,60,84.500000,3.500000,9363670149,1/28 Srirampuram,Bhimavaram,520943
94,Adara,97,53,48,92,72.500000,3.000000,9283764841,2000 Yeshwantpur,Banglore,595443
97,Urielle,97,11,69,48,56.250000,2.000000,9495346761,23132-121 c camp,Karnool,587322
151,Dacey,97,64,56,97,78.500000,3.330000,9293473574,2/23 Rudraram,Hyderabad,535320
172,Hall,97,23,57,39,54.000000,2.000000,9243527929,2-3 gandhinagar,Rajahmundry,506440
135,Brynne,98,80,93,90,90.250000,4.000000,9035874582,1/23 Rudraram,Hyderabad,534151
181,Gillian,98,62,16,43,54.750000,2.000000,9868704412,G107 mvp colony,Vizag,500575
167,Josiah,99,81,12,54,61.500000,2.500000,9706494663,6/23 Rudraram,Hyderabad,557580
29,Kirsten,100,26,76,96,74.500000,3.000000,9543777214,7th street 4th house morampudi,Rajahmundry,547920
32,Brock,100,44,29,40,53.250000,2.000000,9081683916,1-2-3 aditya nagar,Rajahmundry,563891
127,Phyllis,100,41,57,52,62.500000,2.500000,9855964939,third Street jevakona,Tirupati,595734
131,Daniel,100,99,27,58,71.000000,3.000000,9367561115,1-2-3 rushikonda,Vizag,595488
